{
  "version": 2,
  "builds": [
    {
      "src": "api/proxy.js",
      "use": "@vercel/node"
    },
    {
      "src": "*.html",
      "use": "@vercel/static"
    },
    {
      "src": "*.css",
      "use": "@vercel/static"
    },
    {
      "src": "*.js",
      "use": "@vercel/static"
    }
  ],
  "routes": [
    {
      "src": "/api/(.*)",
      "dest": "/api/proxy"
    },
    {
      "src": "/(.*)",
      "dest": "/index.html"
    }
  ],
  "headers": [
    {
      "source": "/(.*)",
      "headers": [
        { "key": "Access-Control-Allow-Origin", "value": "*" },
        { "key": "Access-Control-Allow-Methods", "value": "GET,POST,OPTIONS" },
        { "key": "Access-Control-Allow-Headers", "value": "Content-Type" }
      ]
    }
  ]
}